,size,max_weight,min_weight,mean_weight,max_singular_value,min_singular_value_90,sum_singular_values_90,num_rank_90,rank90_ratio,compression_factor,top_r,avg_p1_error,relative_p1_error,p2_error
layers.0.self_attn.q_proj.weight,"[4096, 4096]",0.72265625,-0.7734375,-3.02E-06,21.83099556,0.119695552,815.2878287,1104,0.26953125,0.33,675,0.000778382,10.67660376,4.308402061
layers.0.self_attn.k_proj.weight,"[4096, 4096]",0.703125,-0.81640625,8.61E-06,18.5958786,0.135079563,909.4659634,983,0.239990234,0.33,675,0.000735118,7.917495327,4.072249413
layers.0.self_attn.v_proj.weight,"[4096, 4096]",0.134765625,-0.124023438,4.80E-07,4.031841278,0.242066592,1759.238954,2332,0.569335938,0.33,675,0.00410381,50.99973878,21.29304123
layers.0.self_attn.o_proj.weight,"[4096, 4096]",0.416015625,-0.451171875,-1.59E-06,4.386460781,0.160088316,1141.969826,2374,0.579589844,0.33,675,0.002700909,54.75362204,13.94946384
layers.0.mlp.gate_proj.weight,"[11008, 4096]",0.7265625,-0.890625,-1.51E-05,11.77065468,0.802753747,5360.6196,3139,0.766357422,0.33,985,0.007506908,57.86701361,63.48739624
layers.0.mlp.up_proj.weight,"[11008, 4096]",0.314453125,-0.341796875,-3.21E-07,10.58347511,0.809674859,5364.666486,3145,0.767822266,0.33,985,0.007614158,59.42182259,64.41418457
layers.0.mlp.down_proj.weight,"[4096, 11008]",0.52734375,-0.51171875,-2.00E-06,8.896803856,0.945112288,5904.798851,3229,0.788330078,0.33,985,0.00888995,66.72222943,75.04968262
layers.1.self_attn.q_proj.weight,"[4096, 4096]",0.47265625,-0.408203125,-4.03E-06,18.42098427,0.39104259,2938.658526,1561,0.381103516,0.33,675,0.00447703,25.56922579,23.96521568
layers.1.self_attn.k_proj.weight,"[4096, 4096]",0.57421875,-0.51953125,-2.34E-06,20.14679337,0.385842621,2856.132223,1460,0.356445313,0.33,675,0.004108703,23.25148705,22.23578262
layers.1.self_attn.v_proj.weight,"[4096, 4096]",0.107910156,-0.127929688,1.53E-06,3.262158632,0.262684613,1778.143995,2488,0.607421875,0.33,675,0.004562277,61.5027284,23.79776573
layers.1.self_attn.o_proj.weight,"[4096, 4096]",0.58984375,-0.494140625,8.84E-08,3.869750261,0.204215556,1425.890011,2382,0.581542969,0.33,675,0.003640124,63.17146538,19.42883301
layers.1.mlp.gate_proj.weight,"[11008, 4096]",0.9765625,-1.09375,-3.19E-05,14.16161537,0.870984793,5903.714877,3101,0.757080078,0.33,985,0.00819517,56.88141577,69.24111176
layers.1.mlp.up_proj.weight,"[11008, 4096]",0.294921875,-0.40625,2.90E-06,7.377152443,0.91269505,5912.912914,3153,0.769775391,0.33,985,0.008704209,63.84861207,73.50800323
layers.1.mlp.down_proj.weight,"[4096, 11008]",1.5625,-1.421875,1.26E-06,6.657755852,1.092264891,6303.551486,3314,0.809082031,0.33,985,0.009867009,71.29560778,83.18903351
layers.2.self_attn.q_proj.weight,"[4096, 4096]",1.1015625,-0.75390625,7.38E-06,16.2221756,0.592658639,3962.017446,2020,0.493164063,0.33,675,0.008829094,45.27131317,48.09513474
layers.2.self_attn.k_proj.weight,"[4096, 4096]",0.373046875,-0.345703125,6.95E-07,19.20553398,0.619813979,4115.950274,1974,0.481933594,0.33,675,0.009002749,44.91438293,49.31596375
layers.2.self_attn.v_proj.weight,"[4096, 4096]",0.147460938,-0.127929688,-6.43E-07,3.535521984,0.42296356,2703.326927,2631,0.642333984,0.33,675,0.007392623,65.20233148,38.13597488
layers.2.self_attn.o_proj.weight,"[4096, 4096]",0.515625,-0.60546875,-2.78E-06,6.020191193,0.429443836,2680.653124,2668,0.651367188,0.33,675,0.0075512,68.87219861,38.97619247
layers.2.mlp.gate_proj.weight,"[11008, 4096]",0.41796875,-0.52734375,1.37E-05,10.61984444,1.027937651,6396.141685,3225,0.787353516,0.33,985,0.009351256,62.70667594,78.84702301
layers.2.mlp.up_proj.weight,"[11008, 4096]",0.455078125,-0.310546875,3.00E-06,4.544019222,1.021297455,6189.338462,3248,0.79296875,0.33,985,0.009374855,67.40199142,79.04479218
layers.2.mlp.down_proj.weight,"[4096, 11008]",0.8984375,-0.66796875,-7.53E-07,5.67345047,1.128559351,6397.645645,3320,0.810546875,0.33,985,0.010106346,72.20010188,85.15270996
layers.3.self_attn.q_proj.weight,"[4096, 4096]",0.78125,-0.6875,-8.36E-06,13.41968632,0.638501763,4241.662409,2348,0.573242188,0.33,675,0.010517138,55.66331708,56.12817001
layers.3.self_attn.k_proj.weight,"[4096, 4096]",0.32421875,-0.41015625,5.27E-06,15.32383823,0.671737432,4436.374138,2328,0.568359375,0.33,675,0.011051497,56.81189482,59.1703186
layers.3.self_attn.v_proj.weight,"[4096, 4096]",0.138671875,-0.114257813,1.08E-06,3.072585821,0.415597677,2603.485436,2652,0.647460938,0.33,675,0.007217712,67.29217462,37.31637955
layers.3.self_attn.o_proj.weight,"[4096, 4096]",0.470703125,-0.5390625,-6.91E-06,6.354206085,0.407135814,2544.824272,2650,0.646972656,0.33,675,0.00710567,67.92616938,36.7396965
layers.3.mlp.gate_proj.weight,"[11008, 4096]",0.578125,-0.451171875,-4.19E-06,9.85562706,1.15041101,6771.820402,3287,0.802490234,0.33,985,0.010379481,68.67535828,87.51137543
layers.3.mlp.up_proj.weight,"[11008, 4096]",0.50390625,-0.451171875,3.95E-06,4.344289303,1.102285981,6373.976328,3303,0.806396484,0.33,985,0.009969736,71.18930013,84.0418396
layers.3.mlp.down_proj.weight,"[4096, 11008]",0.68359375,-0.66796875,5.16E-06,6.360035419,1.069001555,6301.323261,3284,0.801757813,0.33,985,0.009655353,68.80240802,81.37947083
layers.4.self_attn.q_proj.weight,"[4096, 4096]",0.63671875,-0.67578125,1.80E-06,13.79111767,0.650791466,4376.036479,2363,0.576904297,0.33,675,0.010729898,53.8005888,56.8681221
layers.4.self_attn.k_proj.weight,"[4096, 4096]",0.51171875,-0.30859375,1.35E-05,15.75439262,0.675239921,4506.361938,2355,0.574951172,0.33,675,0.011133937,55.28109725,59.18154526
layers.4.self_attn.v_proj.weight,"[4096, 4096]",0.118652344,-0.142578125,-3.10E-06,3.102711201,0.438218623,2751.494895,2666,0.650878906,0.33,675,0.007632174,67.04841109,39.34593201
layers.4.self_attn.o_proj.weight,"[4096, 4096]",0.52734375,-0.62109375,-6.55E-07,5.823876858,0.430626571,2694.927354,2664,0.650390625,0.33,675,0.007528665,67.67630004,38.79938889
layers.4.mlp.gate_proj.weight,"[11008, 4096]",0.44921875,-0.51953125,-4.81E-06,10.92127132,1.175392985,6904.282487,3295,0.804443359,0.33,985,0.010555523,68.58827588,89.04051208
layers.4.mlp.up_proj.weight,"[11008, 4096]",0.353515625,-0.478515625,4.51E-06,4.294732571,1.106116295,6344.329035,3316,0.809570313,0.33,985,0.009943446,71.52633138,83.8380127
layers.4.mlp.down_proj.weight,"[4096, 11008]",0.80859375,-0.9765625,5.50E-07,6.287213326,1.060730219,6232.783089,3287,0.802490234,0.33,985,0.009545228,68.85202489,80.50852966
layers.5.self_attn.q_proj.weight,"[4096, 4096]",0.640625,-0.59375,-7.13E-06,13.73753834,0.660348356,4448.885543,2396,0.584960938,0.33,675,0.011021608,54.50844869,58.07669449
layers.5.self_attn.k_proj.weight,"[4096, 4096]",0.333984375,-0.33203125,4.84E-06,16.54254913,0.69046104,4643.638351,2385,0.582275391,0.33,675,0.011531089,55.42060471,60.88284302
layers.5.self_attn.v_proj.weight,"[4096, 4096]",0.166992188,-0.265625,6.61E-06,2.997070551,0.450112134,2821.976571,2649,0.646728516,0.33,675,0.007840027,67.42315869,40.5748024
layers.5.self_attn.o_proj.weight,"[4096, 4096]",0.4453125,-0.52734375,-1.67E-07,5.656042576,0.43631196,2745.384022,2638,0.644042969,0.33,675,0.00762859,67.01667592,39.43258667
layers.5.mlp.gate_proj.weight,"[11008, 4096]",0.3359375,-0.443359375,-2.14E-05,12.34131813,1.166697502,6904.097371,3288,0.802734375,0.33,985,0.010484803,67.89474154,88.51722717
layers.5.mlp.up_proj.weight,"[11008, 4096]",0.423828125,-0.490234375,3.06E-06,4.456430435,1.101844549,6337.246297,3315,0.809326172,0.33,985,0.009913906,71.33302048,83.60577393
layers.5.mlp.down_proj.weight,"[4096, 11008]",0.5625,-0.734375,9.29E-07,6.439071655,1.048555374,6218.337069,3271,0.798583984,0.33,985,0.009489483,68.40254221,80.05879974
layers.6.self_attn.q_proj.weight,"[4096, 4096]",0.61328125,-0.578125,6.79E-07,12.29848099,0.600097299,4138.914013,2412,0.588867188,0.33,675,0.010043245,53.38783747,52.85107803
layers.6.self_attn.k_proj.weight,"[4096, 4096]",0.30859375,-0.263671875,1.79E-06,14.57286835,0.622294605,4267.778973,2417,0.590087891,0.33,675,0.010457873,54.83641163,55.08569717
layers.6.self_attn.v_proj.weight,"[4096, 4096]",0.27734375,-0.287109375,5.55E-07,3.002666712,0.406199127,2586.94419,2633,0.642822266,0.33,675,0.007102895,65.99910867,36.69836426
layers.6.self_attn.o_proj.weight,"[4096, 4096]",0.53515625,-0.60546875,-1.45E-06,5.766997814,0.392946392,2524.172612,2611,0.637451172,0.33,675,0.006915942,65.15016778,35.69392014
layers.6.mlp.gate_proj.weight,"[11008, 4096]",0.41796875,-0.37109375,-1.25E-05,13.935812,1.173111558,6988.685722,3278,0.800292969,0.33,985,0.010554601,67.30158149,89.17793274
layers.6.mlp.up_proj.weight,"[11008, 4096]",0.56640625,-0.337890625,1.71E-06,4.741127491,1.096196294,6308.552938,3309,0.807861328,0.33,985,0.009864614,71.23145995,83.21460724
layers.6.mlp.down_proj.weight,"[4096, 11008]",0.7265625,-0.921875,2.72E-06,6.293182373,1.034221411,6168.10455,3266,0.797363281,0.33,985,0.009382716,68.02187397,79.21337891
layers.7.self_attn.q_proj.weight,"[4096, 4096]",0.7578125,-0.5625,-7.24E-06,11.76846695,0.60510838,4162.46014,2412,0.588867188,0.33,675,0.010196498,54.36679041,53.74796677
layers.7.self_attn.k_proj.weight,"[4096, 4096]",0.31640625,-0.25390625,-9.96E-06,13.68385983,0.61576885,4215.803065,2418,0.590332031,0.33,675,0.010391692,55.25151088,54.82625198
layers.7.self_attn.v_proj.weight,"[4096, 4096]",0.224609375,-0.225585938,2.14E-06,3.139066458,0.405757308,2600.076217,2609,0.636962891,0.33,675,0.007103564,65.29514845,36.76747131
layers.7.self_attn.o_proj.weight,"[4096, 4096]",0.40625,-0.55859375,-5.53E-06,5.457272053,0.402765661,2562.945326,2609,0.636962891,0.33,675,0.007079378,66.27339034,36.61333466
layers.7.mlp.gate_proj.weight,"[11008, 4096]",0.427734375,-0.455078125,6.70E-06,13.79149723,1.156557202,6959.523656,3267,0.797607422,0.33,985,0.010437571,66.66767198,88.26331329
layers.7.mlp.up_proj.weight,"[11008, 4096]",0.35546875,-0.3359375,6.29E-06,4.983993053,1.091599345,6317.777912,3303,0.806396484,0.33,985,0.009843129,70.82704155,83.09183502
layers.7.mlp.down_proj.weight,"[4096, 11008]",0.70703125,-0.9453125,2.35E-06,6.739190578,1.031071544,6157.136842,3257,0.795166016,0.33,985,0.009332238,67.55017112,78.8236084
layers.8.self_attn.q_proj.weight,"[4096, 4096]",0.470703125,-0.55859375,8.69E-06,11.97070885,0.624502003,4261.184399,2427,0.592529297,0.33,675,0.010544677,55.50064279,55.45417023
layers.8.self_attn.k_proj.weight,"[4096, 4096]",0.29296875,-0.30859375,2.78E-06,14.27540684,0.643537641,4361.288071,2438,0.595214844,0.33,675,0.011003541,57.6166254,57.90471268
layers.8.self_attn.v_proj.weight,"[4096, 4096]",0.19140625,-0.208007813,2.55E-06,3.374553919,0.410561651,2643.845374,2596,0.633789063,0.33,675,0.007147916,63.65286924,36.95456696
layers.8.self_attn.o_proj.weight,"[4096, 4096]",0.75390625,-0.60546875,-8.22E-07,4.939068317,0.412979245,2630.925896,2601,0.635009766,0.33,675,0.007250484,65.51489988,37.41281891
layers.8.mlp.gate_proj.weight,"[11008, 4096]",0.318359375,-0.390625,-7.65E-06,12.94817829,1.130855799,6840.339342,3262,0.796386719,0.33,985,0.01022025,66.36394847,86.4841156
layers.8.mlp.up_proj.weight,"[11008, 4096]",0.6484375,-0.435546875,1.80E-06,5.374046326,1.094049335,6373.755633,3301,0.805908203,0.33,985,0.009862449,70.11079184,83.31282043
layers.8.mlp.down_proj.weight,"[4096, 11008]",0.76171875,-0.796875,-2.16E-06,7.060575008,1.032915831,6205.106924,3259,0.795654297,0.33,985,0.009350604,66.99827922,79.03972626
layers.9.self_attn.q_proj.weight,"[4096, 4096]",0.44140625,-0.77734375,5.59E-07,12.23181343,0.642280459,4346.131696,2456,0.599609375,0.33,675,0.010974437,56.85922135,57.47952271
layers.9.self_attn.k_proj.weight,"[4096, 4096]",0.263671875,-0.35546875,1.10E-05,14.20785427,0.663313329,4471.022917,2460,0.600585938,0.33,675,0.011377606,57.92552315,59.62212372
layers.9.self_attn.v_proj.weight,"[4096, 4096]",0.203125,-0.247070313,2.66E-06,3.238834381,0.41738081,2697.677114,2590,0.632324219,0.33,675,0.00731016,63.87296925,37.78904724
layers.9.self_attn.o_proj.weight,"[4096, 4096]",0.5078125,-0.546875,3.07E-06,5.123231411,0.420280606,2682.444788,2602,0.635253906,0.33,675,0.00737296,65.17920906,37.97706604
layers.9.mlp.gate_proj.weight,"[11008, 4096]",0.375,-0.357421875,-6.81E-08,13.03291702,1.114997745,6764.813026,3260,0.795898438,0.33,985,0.01008142,66.18927756,85.32233429
layers.9.mlp.up_proj.weight,"[11008, 4096]",0.609375,-0.380859375,-1.53E-06,5.377055645,1.097004175,6404.893105,3297,0.804931641,0.33,985,0.009878939,69.76981433,83.49880219
layers.9.mlp.down_proj.weight,"[4096, 11008]",0.640625,-0.6640625,2.10E-06,7.094153404,1.040867448,6253.416508,3261,0.796142578,0.33,985,0.009425697,67.10146055,79.73578644
layers.10.self_attn.q_proj.weight,"[4096, 4096]",0.462890625,-0.462890625,4.01E-06,12.09219456,0.605999708,4215.034038,2416,0.58984375,0.33,675,0.010347431,53.96282153,54.18225098
layers.10.self_attn.k_proj.weight,"[4096, 4096]",0.29296875,-0.26953125,3.82E-06,14.31129646,0.637884915,4385.977972,2428,0.592773438,0.33,675,0.010927018,55.85820026,57.35147095
layers.10.self_attn.v_proj.weight,"[4096, 4096]",0.259765625,-0.204101563,4.18E-06,3.225467205,0.409909785,2659.686103,2592,0.6328125,0.33,675,0.007152113,62.95262717,36.90791702
layers.10.self_attn.o_proj.weight,"[4096, 4096]",0.404296875,-0.4140625,1.04E-05,4.304773331,0.405991197,2628.068075,2552,0.623046875,0.33,675,0.007138715,63.22115579,36.81292343
layers.10.mlp.gate_proj.weight,"[11008, 4096]",0.373046875,-0.52734375,-1.63E-05,13.19612312,1.099291205,6722.844354,3255,0.794677734,0.33,985,0.00996178,65.846897,84.38536072
layers.10.mlp.up_proj.weight,"[11008, 4096]",0.235351563,-0.392578125,1.61E-06,5.590380669,1.097735763,6456.202449,3296,0.8046875,0.33,985,0.009905512,69.25497761,83.73939514
layers.10.mlp.down_proj.weight,"[4096, 11008]",1.0234375,-0.74609375,9.23E-07,7.071910858,1.04409647,6288.568378,3253,0.794189453,0.33,985,0.009440786,66.65179155,79.99243927
layers.11.self_attn.q_proj.weight,"[4096, 4096]",0.609375,-0.419921875,1.28E-05,11.18149662,0.560673833,3936.459432,2400,0.5859375,0.33,675,0.009468429,52.95389523,49.67672348
layers.11.self_attn.k_proj.weight,"[4096, 4096]",0.271484375,-0.279296875,-8.13E-08,12.93240261,0.57380271,3988.747599,2424,0.591796875,0.33,675,0.009763492,54.77697215,51.16280746
layers.11.self_attn.v_proj.weight,"[4096, 4096]",0.267578125,-0.298828125,-2.57E-06,3.401183128,0.419014513,2739.09572,2566,0.626464844,0.33,675,0.007270521,61.57509536,37.56777573
layers.11.self_attn.o_proj.weight,"[4096, 4096]",0.578125,-0.54296875,-2.47E-06,5.648757458,0.413483799,2700.141454,2530,0.617675781,0.33,675,0.007219533,61.70339699,37.32707596
layers.11.mlp.gate_proj.weight,"[11008, 4096]",0.314453125,-0.40234375,-2.06E-05,13.55577946,1.095817924,6694.243719,3247,0.792724609,0.33,985,0.009942385,65.82592067,84.14528656
layers.11.mlp.up_proj.weight,"[11008, 4096]",0.41796875,-0.423828125,-1.17E-06,5.675954342,1.108569264,6507.155387,3286,0.802246094,0.33,985,0.010003371,69.33101392,84.55259705
layers.11.mlp.down_proj.weight,"[4096, 11008]",0.640625,-0.765625,-2.58E-06,7.464100361,1.063283086,6352.652161,3263,0.796630859,0.33,985,0.009587626,67.23350977,81.24045563
layers.12.self_attn.q_proj.weight,"[4096, 4096]",0.5234375,-0.4609375,8.66E-07,11.80156994,0.615897059,4192.75745,2454,0.599121094,0.33,675,0.010564355,56.72720061,55.26054382
layers.12.self_attn.k_proj.weight,"[4096, 4096]",0.2578125,-0.298828125,3.19E-06,13.59975719,0.633470833,4307.811376,2460,0.600585938,0.33,675,0.0108338,56.86392346,56.66979599
layers.12.self_attn.v_proj.weight,"[4096, 4096]",0.251953125,-0.190429688,-7.42E-07,3.245185614,0.42657128,2753.561853,2591,0.632568359,0.33,675,0.00746499,63.97340268,38.59030151
layers.12.self_attn.o_proj.weight,"[4096, 4096]",0.50390625,-0.51953125,-3.22E-06,4.950929165,0.428400159,2741.534388,2585,0.631103516,0.33,675,0.007531394,64.98909411,38.83817291
layers.12.mlp.gate_proj.weight,"[11008, 4096]",0.35546875,-0.33984375,-2.71E-05,13.06389618,1.095310926,6671.345575,3249,0.793212891,0.33,985,0.009946309,66.18633022,84.16213226
layers.12.mlp.up_proj.weight,"[11008, 4096]",0.24609375,-0.241210938,-2.50E-06,6.004004478,1.115547419,6565.921917,3284,0.801757813,0.33,985,0.01009584,69.32652965,85.31398773
layers.12.mlp.down_proj.weight,"[4096, 11008]",0.6484375,-0.58984375,-1.18E-06,6.818364143,1.073421121,6411.460967,3261,0.796142578,0.33,985,0.009691146,67.38058773,82.11690521
layers.13.self_attn.q_proj.weight,"[4096, 4096]",0.6796875,-0.421875,8.50E-06,12.08737659,0.616433442,4179.190689,2468,0.602539063,0.33,675,0.010554704,57.12806657,55.14486313
layers.13.self_attn.k_proj.weight,"[4096, 4096]",0.30078125,-0.26171875,-1.18E-07,13.83546543,0.644349694,4317.01569,2491,0.608154297,0.33,675,0.011120399,59.43065135,58.13006973
layers.13.self_attn.v_proj.weight,"[4096, 4096]",0.22265625,-0.229492188,-6.35E-06,3.114442587,0.458672851,2915.607033,2629,0.641845703,0.33,675,0.008086389,66.79344252,41.72792816
layers.13.self_attn.o_proj.weight,"[4096, 4096]",0.5078125,-0.462890625,2.83E-06,5.116381168,0.437997282,2819.894751,2571,0.627685547,0.33,675,0.007693958,64.11214645,39.74614716
layers.13.mlp.gate_proj.weight,"[11008, 4096]",0.3671875,-0.31640625,-2.21E-05,13.28913212,1.099028587,6665.040789,3250,0.793457031,0.33,985,0.009982421,66.67285589,84.47132874
layers.13.mlp.up_proj.weight,"[11008, 4096]",0.416015625,-0.431640625,2.01E-06,6.325664043,1.135374546,6646.747116,3289,0.802978516,0.33,985,0.01025747,69.74860769,86.69579315
layers.13.mlp.down_proj.weight,"[4096, 11008]",1.0703125,-0.61328125,-1.06E-07,6.426171303,1.1012007,6499.139543,3277,0.800048828,0.33,985,0.009896287,68.26756218,83.85837555
layers.14.self_attn.q_proj.weight,"[4096, 4096]",0.54296875,-0.5703125,-5.95E-06,11.63124561,0.593697608,4067.804674,2449,0.597900391,0.33,675,0.010070734,54.69983746,52.59825897
layers.14.self_attn.k_proj.weight,"[4096, 4096]",0.25390625,-0.314453125,-6.10E-06,13.66700172,0.608950555,4150.136097,2466,0.602050781,0.33,675,0.010354193,55.50988702,54.02412796
layers.14.self_attn.v_proj.weight,"[4096, 4096]",0.333984375,-0.17578125,-2.36E-06,2.758440018,0.447758436,2850.46102,2617,0.638916016,0.33,675,0.007864138,66.07717709,40.60538101
layers.14.self_attn.o_proj.weight,"[4096, 4096]",0.5390625,-0.59765625,2.29E-06,4.546376228,0.430953264,2769.325889,2572,0.627929688,0.33,675,0.007559044,64.12073794,39.13894272
layers.14.mlp.gate_proj.weight,"[11008, 4096]",0.341796875,-0.31640625,-3.47E-05,13.15201664,1.100656152,6652.423761,3246,0.792480469,0.33,985,0.009984747,66.76845793,84.39822388
layers.14.mlp.up_proj.weight,"[11008, 4096]",0.4765625,-0.22265625,1.60E-06,6.490736961,1.13897872,6651.430077,3282,0.801269531,0.33,985,0.010281794,69.8170848,86.84137726
layers.14.mlp.down_proj.weight,"[4096, 11008]",0.66015625,-0.578125,-9.84E-08,6.153873444,1.105068445,6512.125883,3278,0.800292969,0.33,985,0.009958634,68.60280561,84.25782013
layers.15.self_attn.q_proj.weight,"[4096, 4096]",0.58203125,-0.55859375,4.96E-06,12.71955204,0.609883845,4116.06814,2475,0.604248047,0.33,675,0.01042941,56.99706609,54.46991348
layers.15.self_attn.k_proj.weight,"[4096, 4096]",0.259765625,-0.255859375,3.15E-06,14.32470608,0.633205414,4249.772383,2488,0.607421875,0.33,675,0.010801078,57.46591656,56.37362671
layers.15.self_attn.v_proj.weight,"[4096, 4096]",0.2265625,-0.202148438,1.32E-06,3.000715971,0.46960631,2975.584694,2639,0.644287109,0.33,675,0.008223515,66.39904812,42.42665482
layers.15.self_attn.o_proj.weight,"[4096, 4096]",0.3828125,-0.48828125,-1.50E-06,4.588168621,0.458564162,2917.668063,2603,0.635498047,0.33,675,0.008108176,66.30264804,41.84983444
layers.15.mlp.gate_proj.weight,"[11008, 4096]",0.431640625,-0.310546875,-2.60E-05,13.09079075,1.115274191,6712.211032,3256,0.794921875,0.33,985,0.010107568,67.27683888,85.45394135
layers.15.mlp.up_proj.weight,"[11008, 4096]",0.44140625,-0.302734375,-2.57E-07,6.801887035,1.153020859,6705.080086,3295,0.804443359,0.33,985,0.010385323,70.16583596,87.74449158
layers.15.mlp.down_proj.weight,"[4096, 11008]",0.62890625,-1.0625,-3.31E-06,5.768622398,1.131934047,6589.28036,3297,0.804931641,0.33,985,0.010177494,69.88599464,86.06581116
layers.16.self_attn.q_proj.weight,"[4096, 4096]",0.7578125,-1,-2.47E-07,12.96548843,0.602910221,4064.790391,2472,0.603515625,0.33,675,0.010213722,56.53364635,53.34790421
layers.16.self_attn.k_proj.weight,"[4096, 4096]",0.2734375,-0.2890625,1.19E-07,14.67752266,0.619711339,4174.309208,2482,0.605957031,0.33,675,0.010570006,57.34801695,55.17835999
layers.16.self_attn.v_proj.weight,"[4096, 4096]",0.2421875,-0.206054688,-1.85E-06,2.83515954,0.50523591,3158.457859,2669,0.651611328,0.33,675,0.00890243,68.94472974,45.85386276
layers.16.self_attn.o_proj.weight,"[4096, 4096]",0.39453125,-0.42578125,-4.78E-07,5.012319565,0.498280168,3114.705625,2640,0.64453125,0.33,675,0.008856593,69.20402045,45.60907364
layers.16.mlp.gate_proj.weight,"[11008, 4096]",0.369140625,-0.474609375,-2.01E-05,13.48286819,1.122523189,6744.124993,3246,0.792480469,0.33,985,0.010168153,67.13251889,85.91680145
layers.16.mlp.up_proj.weight,"[11008, 4096]",0.365234375,-0.462890625,-4.42E-07,7.069870949,1.147046328,6683.291651,3281,0.801025391,0.33,985,0.010347692,69.91802775,87.37213135
layers.16.mlp.down_proj.weight,"[4096, 11008]",0.474609375,-0.76953125,-2.12E-06,5.469715118,1.148733616,6626.606301,3304,0.806640625,0.33,985,0.010352862,71.10108784,87.40998077
layers.17.self_attn.q_proj.weight,"[4096, 4096]",0.9453125,-0.796875,6.13E-06,12.8994751,0.636695325,4179.502479,2520,0.615234375,0.33,675,0.010918962,60.45424685,57.03992081
layers.17.self_attn.k_proj.weight,"[4096, 4096]",0.279296875,-0.306640625,8.07E-06,14.37312794,0.647233367,4249.775348,2525,0.616455078,0.33,675,0.011098905,60.4621489,57.94435501
layers.17.self_attn.v_proj.weight,"[4096, 4096]",0.213867188,-0.196289063,-7.98E-06,2.890080214,0.514430404,3177.302473,2689,0.656494141,0.33,675,0.00904941,70.22217912,46.60574722
layers.17.self_attn.o_proj.weight,"[4096, 4096]",0.498046875,-0.490234375,1.25E-05,5.453084469,0.50860548,3147.033394,2676,0.653320313,0.33,675,0.00898634,70.16753802,46.25296783
layers.17.mlp.gate_proj.weight,"[11008, 4096]",0.34375,-0.404296875,-5.05E-05,13.92101574,1.139291525,6815.156233,3246,0.792480469,0.33,985,0.01030474,67.31264634,87.0389328
layers.17.mlp.up_proj.weight,"[11008, 4096]",0.33984375,-0.2734375,3.33E-07,6.525723934,1.146304488,6660.788879,3277,0.800048828,0.33,985,0.010332928,70.03559192,87.18109894
layers.17.mlp.down_proj.weight,"[4096, 11008]",0.546875,-1.1484375,-3.92E-06,5.432235718,1.149148703,6622.500947,3297,0.804931641,0.33,985,0.010378319,71.30361599,87.56315613
layers.18.self_attn.q_proj.weight,"[4096, 4096]",0.6796875,-0.7734375,-2.91E-07,12.99688339,0.647754371,4172.049616,2553,0.623291016,0.33,675,0.011111172,62.67579833,58.03838348
layers.18.self_attn.k_proj.weight,"[4096, 4096]",0.3125,-0.3125,-5.63E-06,14.07073021,0.665590942,4270.823442,2563,0.625732422,0.33,675,0.011439465,63.49751004,59.7386322
layers.18.self_attn.v_proj.weight,"[4096, 4096]",0.202148438,-0.224609375,4.78E-06,2.888507843,0.541902721,3334.10919,2693,0.657470703,0.33,675,0.009516004,70.55942844,49.0179863
layers.18.self_attn.o_proj.weight,"[4096, 4096]",0.56640625,-0.55859375,-4.29E-06,5.43772459,0.540211201,3300.934849,2704,0.66015625,0.33,675,0.009470031,71.1443641,48.76814651
layers.18.mlp.gate_proj.weight,"[11008, 4096]",0.369140625,-0.357421875,-4.09E-05,13.56250572,1.163905621,6917.236974,3253,0.794189453,0.33,985,0.010530939,68.13791813,88.94200897
layers.18.mlp.up_proj.weight,"[11008, 4096]",0.326171875,-0.169921875,1.47E-06,6.065442085,1.150076509,6660.88385,3282,0.801269531,0.33,985,0.010382098,70.56101667,87.55175781
layers.18.mlp.down_proj.weight,"[4096, 11008]",0.65625,-1.1015625,-2.51E-06,5.389955044,1.149842739,6619.202622,3303,0.806396484,0.33,985,0.010371187,71.31162495,87.46871948
layers.19.self_attn.q_proj.weight,"[4096, 4096]",0.66796875,-0.71875,-3.98E-06,12.79369354,0.62211597,4053.673954,2533,0.618408203,0.33,675,0.010655815,61.09875719,55.73258591
layers.19.self_attn.k_proj.weight,"[4096, 4096]",0.2890625,-0.298828125,-8.36E-06,14.21688652,0.628972709,4108.475855,2534,0.618652344,0.33,675,0.010800295,61.11292745,56.40557861
layers.19.self_attn.v_proj.weight,"[4096, 4096]",0.223632813,-0.138671875,-1.47E-06,2.742966652,0.536728621,3338.356795,2684,0.655273438,0.33,675,0.009427439,69.3315657,48.54153061
layers.19.self_attn.o_proj.weight,"[4096, 4096]",0.67578125,-0.6015625,-1.01E-06,5.363221169,0.545913756,3339.99955,2704,0.66015625,0.33,675,0.009573651,71.07928946,49.28179932
layers.19.mlp.gate_proj.weight,"[11008, 4096]",0.349609375,-0.38671875,-5.57E-05,12.63218307,1.174550891,6961.143781,3260,0.795898438,0.33,985,0.010618314,68.36157647,89.66345978
layers.19.mlp.up_proj.weight,"[11008, 4096]",0.486328125,-0.5703125,-4.97E-06,5.917182922,1.151105881,6664.558442,3286,0.802246094,0.33,985,0.010386189,70.58096892,87.57158661
layers.19.mlp.down_proj.weight,"[4096, 11008]",0.68359375,-0.96875,-1.79E-06,5.590488434,1.154981971,6640.780422,3308,0.807617188,0.33,985,0.010418631,71.4631356,87.85061646
layers.20.self_attn.q_proj.weight,"[4096, 4096]",0.8828125,-1.0546875,2.49E-06,13.33085918,0.61683023,4042.302236,2509,0.612548828,0.33,675,0.010542997,60.28602648,55.38184738
layers.20.self_attn.k_proj.weight,"[4096, 4096]",0.328125,-0.328125,2.49E-06,14.21616077,0.628287911,4113.87806,2515,0.614013672,0.33,675,0.010773217,60.8300884,56.54642105
layers.20.self_attn.v_proj.weight,"[4096, 4096]",0.126953125,-0.163085938,-3.92E-06,2.747546673,0.553751349,3411.715383,2692,0.657226563,0.33,675,0.009730375,70.29232045,50.09041977
layers.20.self_attn.o_proj.weight,"[4096, 4096]",0.57421875,-0.578125,-4.53E-07,6.583787918,0.565759182,3430.651702,2725,0.665283203,0.33,675,0.009926056,72.26882483,51.02173996
layers.20.mlp.gate_proj.weight,"[11008, 4096]",0.287109375,-0.322265625,-3.70E-05,12.73950672,1.178910375,6991.635854,3259,0.795654297,0.33,985,0.010658664,68.13294358,89.96568298
layers.20.mlp.up_proj.weight,"[11008, 4096]",0.30859375,-0.318359375,-4.95E-08,6.109983444,1.145205498,6649.605749,3282,0.801269531,0.33,985,0.010342932,70.30706307,87.18721771
layers.20.mlp.down_proj.weight,"[4096, 11008]",1.109375,-0.55078125,-3.39E-07,5.163437366,1.173786521,6668.846589,3314,0.809082031,0.33,985,0.010551595,72.37480189,88.91831207
layers.21.self_attn.q_proj.weight,"[4096, 4096]",0.94140625,-0.71484375,-6.46E-07,12.78244114,0.615481973,3996.272171,2524,0.616210938,0.33,675,0.010541367,61.72242132,55.44295502
layers.21.self_attn.k_proj.weight,"[4096, 4096]",0.375,-0.310546875,2.18E-07,13.34149647,0.622874558,4048.969227,2527,0.616943359,0.33,675,0.010729995,62.47146658,56.4187851
layers.21.self_attn.v_proj.weight,"[4096, 4096]",0.1796875,-0.172851563,-2.00E-06,3.213428497,0.566461682,3500.306373,2686,0.655761719,0.33,675,0.009910006,69.47704894,51.07260513
layers.21.self_attn.o_proj.weight,"[4096, 4096]",0.5390625,-0.55078125,-1.23E-06,5.629275322,0.584333003,3525.183847,2740,0.668945313,0.33,675,0.010222505,72.7139711,52.51658249
layers.21.mlp.gate_proj.weight,"[11008, 4096]",0.28515625,-0.296875,-3.87E-05,12.13671398,1.189233422,7048.609345,3261,0.796142578,0.33,985,0.010752392,68.22843067,90.72638702
layers.21.mlp.up_proj.weight,"[11008, 4096]",0.201171875,-0.233398438,-1.36E-06,5.696828842,1.141685009,6639.908224,3282,0.801269531,0.33,985,0.010329863,70.32034808,87.04732513
layers.21.mlp.down_proj.weight,"[4096, 11008]",0.734375,-0.7109375,1.55E-06,4.881747723,1.169891477,6662.37858,3310,0.808105469,0.33,985,0.01053313,72.22892365,88.73994446
layers.22.self_attn.q_proj.weight,"[4096, 4096]",0.875,-0.5859375,1.59E-06,12.96452236,0.643904388,4128.570206,2533,0.618408203,0.33,675,0.011000907,62.76670499,57.95524216
layers.22.self_attn.k_proj.weight,"[4096, 4096]",0.287109375,-0.31640625,-4.98E-06,13.39008045,0.654584944,4194.993241,2541,0.620361328,0.33,675,0.011243521,63.63949628,59.15298843
layers.22.self_attn.v_proj.weight,"[4096, 4096]",0.102539063,-0.154296875,-2.16E-06,2.724560261,0.579169035,3546.553774,2708,0.661132813,0.33,675,0.010137502,70.874877,52.17110825
layers.22.self_attn.o_proj.weight,"[4096, 4096]",0.7734375,-0.7421875,2.62E-06,7.594939709,0.585550189,3527.312103,2741,0.669189453,0.33,675,0.010215507,72.78486204,52.49984741
layers.22.mlp.gate_proj.weight,"[11008, 4096]",0.37109375,-0.34375,-1.79E-05,11.91812229,1.196506619,7090.616359,3265,0.797119141,0.33,985,0.010820072,68.21270075,91.27828979
layers.22.mlp.up_proj.weight,"[11008, 4096]",0.275390625,-0.177734375,-9.57E-07,5.323743343,1.140476704,6635.57172,3284,0.801757813,0.33,985,0.010317441,70.26391714,86.9211731
layers.22.mlp.down_proj.weight,"[4096, 11008]",0.33203125,-0.388671875,-2.12E-06,5.277320862,1.167321444,6661.387973,3305,0.806884766,0.33,985,0.010536483,72.20740222,88.7561264
layers.23.self_attn.q_proj.weight,"[4096, 4096]",0.69140625,-0.81640625,6.81E-06,12.50559998,0.672806442,4216.972122,2581,0.630126953,0.33,675,0.011521377,65.89672881,60.42992783
layers.23.self_attn.k_proj.weight,"[4096, 4096]",0.3125,-0.2890625,-5.08E-06,12.87934685,0.676569939,4247.785108,2584,0.630859375,0.33,675,0.011621522,66.16664952,60.88381577
layers.23.self_attn.v_proj.weight,"[4096, 4096]",0.13671875,-0.153320313,3.32E-06,3.020344496,0.605008423,3711.177483,2708,0.661132813,0.33,675,0.010603761,70.82094484,54.57919312
layers.23.self_attn.o_proj.weight,"[4096, 4096]",0.484375,-0.484375,3.43E-06,5.503468513,0.610818923,3700.373518,2734,0.667480469,0.33,675,0.010680681,72.21753924,54.89051056
layers.23.mlp.gate_proj.weight,"[11008, 4096]",0.416015625,-0.361328125,-1.39E-05,10.91364002,1.203674197,7114.988102,3272,0.798828125,0.33,985,0.010892037,68.61030649,91.88058472
layers.23.mlp.up_proj.weight,"[11008, 4096]",0.225585938,-0.296875,8.05E-07,4.903337955,1.150612116,6683.163163,3290,0.803222656,0.33,985,0.010418057,70.59280123,87.75511169
layers.23.mlp.down_proj.weight,"[4096, 11008]",1.3125,-0.60546875,3.89E-06,5.86552,1.162617803,6682.055113,3299,0.805419922,0.33,985,0.01051749,71.65534706,88.59975433
layers.24.self_attn.q_proj.weight,"[4096, 4096]",1.03125,-0.59765625,2.46E-06,12.38664532,0.598343968,3906.38727,2496,0.609375,0.33,675,0.010259887,61.20467847,54.28749084
layers.24.self_attn.k_proj.weight,"[4096, 4096]",0.296875,-0.330078125,9.86E-06,13.1726799,0.605706096,3945.788922,2508,0.612304688,0.33,675,0.010415125,62.12451796,55.03120422
layers.24.self_attn.v_proj.weight,"[4096, 4096]",0.184570313,-0.110351563,2.03E-06,3.218632221,0.59360683,3657.590317,2701,0.659423828,0.33,675,0.010367253,69.80085435,53.40787125
layers.24.self_attn.o_proj.weight,"[4096, 4096]",0.65234375,-0.73046875,-2.04E-06,6.672455788,0.607077897,3659.501655,2742,0.669433594,0.33,675,0.010605111,72.78305759,54.50894165
layers.24.mlp.gate_proj.weight,"[11008, 4096]",0.306640625,-0.34765625,-1.45E-05,10.87312889,1.21305263,7148.595634,3276,0.799804688,0.33,985,0.010969708,68.94686378,92.53636169
layers.24.mlp.up_proj.weight,"[11008, 4096]",0.198242188,-0.197265625,5.90E-06,4.689720154,1.159557223,6714.639534,3294,0.804199219,0.33,985,0.010491497,70.86852699,88.3591156
layers.24.mlp.down_proj.weight,"[4096, 11008]",0.7265625,-0.6640625,1.77E-08,5.610479832,1.157761216,6690.815633,3294,0.804199219,0.33,985,0.010486609,71.17802587,88.3323288
layers.25.self_attn.q_proj.weight,"[4096, 4096]",0.58203125,-0.64453125,1.09E-06,11.85754013,0.647203088,4105.490893,2577,0.629150391,0.33,675,0.011149524,65.22375144,58.38092041
layers.25.self_attn.k_proj.weight,"[4096, 4096]",0.365234375,-0.283203125,6.85E-06,12.29486561,0.657100797,4150.303739,2590,0.632324219,0.33,675,0.011368916,66.39921748,59.42485428
layers.25.self_attn.v_proj.weight,"[4096, 4096]",0.125976563,-0.125976563,3.67E-06,3.1827209,0.625781834,3822.585908,2713,0.662353516,0.33,675,0.010938662,70.97083822,56.29870605
layers.25.self_attn.o_proj.weight,"[4096, 4096]",0.65234375,-0.439453125,-2.11E-07,4.821978092,0.619654179,3779.919245,2721,0.664306641,0.33,675,0.010856722,71.39072354,55.82193375
layers.25.mlp.gate_proj.weight,"[11008, 4096]",0.455078125,-0.5546875,-1.84E-05,10.78770733,1.223145843,7183.075314,3282,0.801269531,0.33,985,0.011061913,69.44729545,93.32196808
layers.25.mlp.up_proj.weight,"[11008, 4096]",0.251953125,-0.239257813,-2.26E-06,4.954108238,1.170481324,6756.541602,3299,0.805419922,0.33,985,0.010583552,71.18504092,89.13854218
layers.25.mlp.down_proj.weight,"[4096, 11008]",0.322265625,-1.03125,5.12E-06,5.314708233,1.152351499,6697.752171,3290,0.803222656,0.33,985,0.010430147,70.46028731,87.86615753
layers.26.self_attn.q_proj.weight,"[4096, 4096]",0.6875,-0.86328125,2.91E-06,12.87901878,0.611252904,3930.403517,2530,0.617675781,0.33,675,0.010422947,62.18855998,54.85804367
layers.26.self_attn.k_proj.weight,"[4096, 4096]",0.35546875,-0.345703125,8.66E-06,13.28798866,0.622958004,3992.687655,2545,0.621337891,0.33,675,0.010692867,63.50617551,56.19087601
layers.26.self_attn.v_proj.weight,"[4096, 4096]",0.196289063,-0.178710938,-1.51E-06,3.640874386,0.626805186,3854.054563,2702,0.659667969,0.33,675,0.010915317,69.94019277,56.26410675
layers.26.self_attn.o_proj.weight,"[4096, 4096]",0.62890625,-0.6875,2.56E-06,6.850986004,0.633827031,3865.09087,2723,0.664794922,0.33,675,0.011080991,71.76236471,57.02241898
layers.26.mlp.gate_proj.weight,"[11008, 4096]",0.30078125,-0.408203125,-1.90E-05,11.18066692,1.230348706,7215.750999,3287,0.802490234,0.33,985,0.011134231,69.82571269,93.94252014
layers.26.mlp.up_proj.weight,"[11008, 4096]",0.2578125,-0.3671875,2.14E-06,5.858986855,1.178964019,6790.470712,3306,0.807128906,0.33,985,0.010655085,71.41904273,89.73579407
layers.26.mlp.down_proj.weight,"[4096, 11008]",0.578125,-0.396484375,1.19E-07,5.007257938,1.152816057,6712.192936,3292,0.803710938,0.33,985,0.010430515,70.25568027,87.87306213
layers.27.self_attn.q_proj.weight,"[4096, 4096]",0.70703125,-0.79296875,9.12E-07,13.17096329,0.679852664,4265.452103,2631,0.642333984,0.33,675,0.011787759,66.85086159,61.24104309
layers.27.self_attn.k_proj.weight,"[4096, 4096]",0.2890625,-0.28125,4.12E-06,14.03940868,0.694299817,4333.202264,2642,0.645019531,0.33,675,0.012067309,67.81249774,62.63896179
layers.27.self_attn.v_proj.weight,"[4096, 4096]",0.1328125,-0.120117188,5.26E-06,3.323970079,0.646795452,3919.617805,2728,0.666015625,0.33,675,0.011309249,72.12621336,58.18652725
layers.27.self_attn.o_proj.weight,"[4096, 4096]",0.6328125,-0.5625,-6.77E-06,5.648350716,0.641589701,3900.302432,2727,0.665771484,0.33,675,0.011210632,71.67303353,57.6205368
layers.27.mlp.gate_proj.weight,"[11008, 4096]",0.298828125,-0.6328125,-1.41E-05,11.54013824,1.238623023,7237.701594,3294,0.804199219,0.33,985,0.011196929,70.27740218,94.50133514
layers.27.mlp.up_proj.weight,"[11008, 4096]",0.225585938,-0.345703125,-2.90E-06,6.998183727,1.188101172,6831.394918,3312,0.80859375,0.33,985,0.010729301,71.56999503,90.37184143
layers.27.mlp.down_proj.weight,"[4096, 11008]",0.50390625,-0.76171875,4.99E-06,5.161794186,1.154017329,6737.123919,3294,0.804199219,0.33,985,0.010439346,69.9751423,87.96245575
layers.28.self_attn.q_proj.weight,"[4096, 4096]",0.62890625,-0.76953125,2.06E-06,12.76785946,0.644669414,4080.956727,2592,0.6328125,0.33,675,0.011110811,65.24635483,58.0197258
layers.28.self_attn.k_proj.weight,"[4096, 4096]",0.322265625,-0.369140625,-9.98E-06,13.52104282,0.662949622,4166.02084,2607,0.636474609,0.33,675,0.0114577,66.50977297,59.74888611
layers.28.self_attn.v_proj.weight,"[4096, 4096]",0.166992188,-0.163085938,-1.08E-06,3.691907644,0.664301574,4034.867995,2723,0.664794922,0.33,675,0.01161101,71.95130439,59.76094055
layers.28.self_attn.o_proj.weight,"[4096, 4096]",0.390625,-0.78125,1.56E-06,6.082360268,0.652261019,3992.597477,2713,0.662353516,0.33,675,0.011413134,71.01453164,58.75554276
layers.28.mlp.gate_proj.weight,"[11008, 4096]",0.287109375,-0.3984375,-2.06E-07,11.48188782,1.23175478,7204.330281,3298,0.805175781,0.33,985,0.011136087,70.32094458,94.00157166
layers.28.mlp.up_proj.weight,"[11008, 4096]",0.279296875,-0.376953125,-2.81E-06,9.042811394,1.197113514,6891.03816,3315,0.809326172,0.33,985,0.010801119,71.37835978,91.00577545
layers.28.mlp.down_proj.weight,"[4096, 11008]",0.56640625,-1,-1.19E-06,4.942698956,1.175469637,6816.256233,3306,0.807128906,0.33,985,0.010622533,70.81807569,89.52657318
layers.29.self_attn.q_proj.weight,"[4096, 4096]",0.81640625,-0.7421875,2.47E-06,13.2834959,0.595421314,3849.868441,2548,0.622070313,0.33,675,0.010213397,62.0321071,53.49679947
layers.29.self_attn.k_proj.weight,"[4096, 4096]",0.328125,-0.3671875,-3.24E-06,14.18039894,0.608428776,3921.876529,2561,0.625244141,0.33,675,0.010496289,63.27269761,54.88690567
layers.29.self_attn.v_proj.weight,"[4096, 4096]",0.124023438,-0.130859375,2.33E-07,4.772663593,0.659232557,4030.251043,2711,0.661865234,0.33,675,0.011543338,71.13429639,59.4623642
layers.29.self_attn.o_proj.weight,"[4096, 4096]",0.6328125,-0.5859375,-8.72E-07,6.856410027,0.667652428,4056.856007,2722,0.664550781,0.33,675,0.011680558,71.74094445,60.08629608
layers.29.mlp.gate_proj.weight,"[11008, 4096]",0.46484375,-0.384765625,-1.29E-06,12.05681229,1.23339808,7219.138114,3300,0.805664063,0.33,985,0.011153065,70.42992825,94.20063782
layers.29.mlp.up_proj.weight,"[11008, 4096]",0.546875,-0.51171875,-4.70E-07,11.30586338,1.199037552,6932.488346,3314,0.809082031,0.33,985,0.010828705,71.00552173,91.27449036
layers.29.mlp.down_proj.weight,"[4096, 11008]",0.498046875,-0.984375,3.34E-06,4.425448418,1.18860054,6863.020235,3315,0.809326172,0.33,985,0.010730826,71.37987326,90.47311401
layers.30.self_attn.q_proj.weight,"[4096, 4096]",0.81640625,-0.75,-3.82E-06,13.09634399,0.6298002,3995.766438,2613,0.637939453,0.33,675,0.010890819,65.13969749,56.63161087
layers.30.self_attn.k_proj.weight,"[4096, 4096]",0.369140625,-0.34375,-5.79E-06,13.79963875,0.646424115,4084.419755,2622,0.640136719,0.33,675,0.011217614,66.08581067,58.25529099
layers.30.self_attn.v_proj.weight,"[4096, 4096]",0.5,-0.43359375,-4.94E-06,3.746246576,0.686939597,4160.283704,2731,0.666748047,0.33,675,0.012021242,72.31249785,61.83959961
layers.30.self_attn.o_proj.weight,"[4096, 4096]",0.625,-0.51953125,-8.55E-06,6.860249519,0.684491456,4165.120313,2728,0.666015625,0.33,675,0.011999116,71.93304173,61.69704437
layers.30.mlp.gate_proj.weight,"[11008, 4096]",0.7109375,-0.796875,-1.41E-07,19.72405052,1.247441292,7320.142289,3299,0.805419922,0.33,985,0.011273341,70.22090188,95.37654877
layers.30.mlp.up_proj.weight,"[11008, 4096]",0.7109375,-0.77734375,-2.60E-07,19.93757629,1.196455598,6960.061898,3311,0.808349609,0.33,985,0.010793874,70.224743,91.06911469
layers.30.mlp.down_proj.weight,"[4096, 11008]",1.046875,-1.3046875,-1.26E-06,4.523618698,1.184467912,6832.866323,3320,0.810546875,0.33,985,0.010687706,71.76434421,90.26748657
layers.31.self_attn.q_proj.weight,"[4096, 4096]",0.41796875,-0.66796875,2.96E-06,15.02593899,0.580200255,3807.425648,2539,0.619873047,0.33,675,0.009858951,58.29489398,51.3944931
layers.31.self_attn.k_proj.weight,"[4096, 4096]",0.404296875,-0.400390625,-9.34E-06,16.38412476,0.610311568,3987.078544,2545,0.621337891,0.33,675,0.0104111,59.79377661,54.29730225
layers.31.self_attn.v_proj.weight,"[4096, 4096]",0.3828125,-0.390625,-2.07E-06,4.009765625,0.611409068,3746.216802,2707,0.660888672,0.33,675,0.010662992,70.66268306,54.98145294
layers.31.self_attn.o_proj.weight,"[4096, 4096]",1.3125,-1.2734375,-8.43E-06,10.56890965,0.60537982,3726.950273,2687,0.656005859,0.33,675,0.01056662,70.17790992,54.58535004
layers.31.mlp.gate_proj.weight,"[11008, 4096]",0.30859375,-0.380859375,-7.20E-07,19.99747276,1.274738431,7570.213259,3289,0.802978516,0.33,985,0.011507818,68.20705748,97.68270111
layers.31.mlp.up_proj.weight,"[11008, 4096]",0.578125,-0.75390625,-5.61E-07,19.93992043,1.208500862,7150.461009,3300,0.805664063,0.33,985,0.010913067,68.12487057,92.28173065
layers.31.mlp.down_proj.weight,"[4096, 11008]",1.7734375,-1.40625,1.50E-06,7.831622601,1.153767586,6763.740855,3305,0.806884766,0.33,985,0.010402018,70.36746364,88.38995361
